time,mean_squared_displacement,mean_quartic_displacement,non_gaussian_parameter,energy,particle_overlap,type_overlap
0.000027127,0.000000000,0.000000000,-1.000000000,-4.000880189,1.000000000,1.000000000
0.000054253,0.000000000,0.000000000,-1.000000000,-4.000880189,1.000000000,1.000000000
0.000081380,0.000000000,0.000000000,-1.000000000,-4.000880189,1.000000000,1.000000000
0.000108507,0.000000000,0.000000000,-1.000000000,-4.000880189,1.000000000,1.000000000
0.000135634,0.000006782,0.000006782,1151.000000000,-4.000880852,0.999993218,0.999993218
0.000162760,0.000006782,0.000006782,1151.000000000,-4.000880852,0.999993218,0.999993218
0.000189887,0.000006782,0.000006782,1151.000000000,-4.000880852,0.999993218,0.999993218
0.000217014,0.000006782,0.000006782,1151.000000000,-4.000880852,0.999993218,0.999993218
0.000271267,0.000006782,0.000006782,1151.000000000,-4.000880852,0.999993218,0.999993218
0.000325521,0.000006782,0.000006782,1151.000000000,-4.000880852,0.999993218,0.999993218
0.000379774,0.000006782,0.000006782,1151.000000000,-4.000880852,0.999993218,0.999993218
0.000434028,0.000006782,0.000006782,1151.000000000,-4.000880852,0.999993218,0.999993218
0.000515408,0.000006782,0.000006782,1151.000000000,-4.000880852,0.999993218,0.999993218
0.000596788,0.000006782,0.000006782,1151.000000000,-4.000880852,0.999993218,0.999993218
0.000678168,0.000006782,0.000006782,1151.000000000,-4.000880852,0.999993218,0.999993218
0.000786675,0.000006782,0.000006782,1151.000000000,-4.000880852,0.999993218,0.999993218
0.000895182,0.000006782,0.000006782,1151.000000000,-4.000880852,0.999993218,0.999993218
0.001030816,0.000006782,0.000006782,1151.000000000,-4.000880852,0.999993218,0.999993218
0.001166450,0.000006782,0.000006782,1151.000000000,-4.000880852,0.999993218,0.999993218
0.001329210,0.000006782,0.000006782,1151.000000000,-4.000880852,0.999993218,0.999993218
0.001491970,0.000006782,0.000006782,1151.000000000,-4.000880852,0.999993218,0.999993218
0.001681858,0.000006782,0.000006782,1151.000000000,-4.000880852,0.999993218,0.999993218
0.001898872,0.000006782,0.000006782,1151.000000000,-4.000880852,0.999993218,0.999993218
0.002115885,0.000006782,0.000006782,1151.000000000,-4.000880852,0.999993218,0.999993218
0.002360026,0.000006782,0.000006782,1151.000000000,-4.000880852,0.999993218,0.999993218
0.002631293,0.000006782,0.000006782,1151.000000000,-4.000880852,0.999993218,0.999993218
0.002929688,0.000006782,0.000006782,1151.000000000,-4.000880852,0.999993218,0.999993218
0.003282335,0.000006782,0.000006782,1151.000000000,-4.000880852,0.999993218,0.999993218
0.003662109,0.000006782,0.000006782,1151.000000000,-4.000880852,0.999993218,0.999993218
0.004069010,0.000006782,0.000006782,1151.000000000,-4.000880852,0.999993218,0.999993218
0.004530165,0.000006782,0.000006782,1151.000000000,-4.000880852,0.999993218,0.999993218
0.005045573,0.000013563,0.000013563,2303.000000000,-4.000880852,0.999986437,0.999986437
0.005615234,0.000027127,0.000027127,2879.000000000,-4.000880852,0.999972873,0.999972873
0.006239149,0.000033908,0.000033908,4031.000000000,-4.000880852,0.999966092,0.999966092
0.006917318,0.000040690,0.000040690,3455.000000000,-4.000880852,0.999959310,0.999959310
0.007676866,0.000040690,0.000040690,3455.000000000,-4.000880852,0.999959310,0.999959310
0.008490668,0.000040690,0.000040690,3455.000000000,-4.000880852,0.999959310,0.999959310
0.009412977,0.000040690,0.000040690,3455.000000000,-4.000880852,0.999959310,0.999959310
0.010416667,0.000040690,0.000040690,3455.000000000,-4.000880852,0.999959310,0.999959310
0.011528863,0.000054253,0.000054253,4415.000000000,-4.000881712,0.999945747,0.999945747
0.012749566,0.000067817,0.000067817,3647.000000000,-4.000881712,0.999932183,0.999932183
0.014078776,0.000088162,0.000088162,5855.000000000,-4.000888475,0.999911838,0.999911838
0.015543620,0.000094944,0.000094944,5759.000000000,-4.000888475,0.999905056,0.999905056
0.017171224,0.000115289,0.000115289,4549.400000000,-4.000888475,0.999884711,0.999884711
0.018961589,0.000135634,0.000135634,4291.571428571,-4.000888338,0.999864366,0.999864366
0.020914714,0.000155979,0.000155979,5231.000000000,-4.000888338,0.999844021,0.999844021
0.023084852,0.000162760,0.000162760,5135.000000000,-4.000888338,0.999837240,0.999837240
0.025472005,0.000189887,0.000189887,4999.727272727,-4.000888338,0.999810113,0.999810113
0.028103299,0.000210232,0.000210232,4174.127272727,-4.000888338,0.999789768,0.999789768
0.030978733,0.000217014,0.000217014,4135.727272727,-4.000888338,0.999782986,0.999782986
0.034152561,0.000230577,0.000230577,4099.571428571,-4.000891813,0.999769423,0.999769423
0.037651910,0.000278049,0.000278049,3164.257142857,-4.000896477,0.999721951,0.999721951
0.041503906,0.000311957,0.000311957,2946.657142857,-4.000896533,0.999688043,0.999688043
0.045735677,0.000352648,0.000352648,2141.171428571,-4.000889930,0.999647352,0.999647352
0.050374349,0.000379774,0.000379774,2026.657142857,-4.000893507,0.999620226,0.999620226
0.055501302,0.000420464,0.000420464,1763.342857143,-4.000895569,0.999579536,0.999579536
0.061116536,0.000474718,0.000474718,1678.939141973,-4.000895569,0.999525282,0.999525282
0.067301432,0.000515408,0.000515408,1430.603007519,-4.000895569,0.999484592,0.999484592
0.074110243,0.000576443,0.000576443,1277.171428571,-4.000895569,0.999423557,0.999423557
0.081597222,0.000664605,0.000664605,975.386813187,-4.000881797,0.999335395,0.999335395
0.089843750,0.000725640,0.000725640,812.714285714,-4.000871478,0.999274360,0.999274360
0.098904080,0.000779894,0.000779894,750.193277311,-4.000876165,0.999220106,0.999220106
0.108886719,0.000840929,0.000840929,703.332467532,-4.000876642,0.999159071,0.999159071
0.119873047,0.000888401,0.000888401,641.972471007,-4.000876642,0.999111599,0.999111599
0.131944444,0.000969781,0.000969781,598.065891653,-4.000883016,0.999030219,0.999030219
0.145236545,0.001098633,0.001098633,522.780219780,-4.000880829,0.998901367,0.998901367
0.159857856,0.001227485,0.001227485,459.768843813,-4.000899860,0.998772515,0.998772515
0.175944010,0.001369900,0.001369900,406.216783217,-4.000899109,0.998630100,0.998630100
0.193630642,0.001471625,0.001471625,371.871919345,-4.000900991,0.998528375,0.998528375
0.213080512,0.001573351,0.001573351,342.205415684,-4.000899782,0.998426649,0.998426649
0.234483507,0.001736111,0.001776801,311.948411908,-4.000897422,0.998274061,0.998274061
0.258029514,0.001898872,0.001939562,281.540410946,-4.000908407,0.998111301,0.998111301
0.283935547,0.002027724,0.002068414,265.575967218,-4.000908378,0.997982449,0.997982449
0.312445747,0.002224392,0.002305773,248.963563251,-4.000908167,0.997795953,0.997795953
0.343804253,0.002468533,0.002549913,220.016126182,-4.000908911,0.997551812,0.997551812
0.378282335,0.002644857,0.002726237,201.258142260,-4.000901007,0.997375488,0.997375488
0.416232639,0.002827962,0.002909342,188.150540635,-4.000910227,0.997192383,0.997192383
0.457953559,0.003017849,0.003099230,175.752304688,-4.000914382,0.997002496,0.997002496
0.503851997,0.003268772,0.003350152,162.155334590,-4.000918063,0.996751573,0.996751573
0.554361979,0.003512912,0.003601074,151.196913051,-4.000900925,0.996510824,0.996510824
0.609917535,0.003723145,0.003818088,142.620050636,-4.000924399,0.996303982,0.996303982
0.671034071,0.003987630,0.004102919,133.170301368,-4.000924388,0.996049669,0.996049669
0.738254123,0.004292806,0.004448785,124.023344712,-4.000899800,0.995754666,0.995754666
0.812201606,0.004645454,0.004801432,113.918533963,-4.000870798,0.995402018,0.995402018
0.893554687,0.004964193,0.005099826,105.464193065,-4.000862611,0.995083279,0.995083279
0.983018663,0.005377875,0.005574544,97.722054502,-4.000835321,0.994689941,0.994689941
1.081434462,0.005560981,0.005764431,94.270454611,-4.000851636,0.994510227,0.994510227
1.189697266,0.005764431,0.005981445,91.224610488,-4.000879578,0.994313558,0.994313558
1.308783637,0.006130642,0.006361220,85.792910621,-4.000908113,0.993943956,0.993943956
1.439805773,0.006490072,0.006761339,80.792588174,-4.000881480,0.993604872,0.993604872
1.583930122,0.006754557,0.007025825,77.045410586,-4.000862341,0.993350559,0.993350559
1.742458767,0.006958008,0.007229275,74.639708019,-4.000862234,0.993157281,0.993157281
1.916829427,0.007066515,0.007358127,73.687094099,-4.000854333,0.993058946,0.993058946
2.108642578,0.007215712,0.007575141,72.511114150,-4.000886602,0.992933485,0.992933485
2.319634332,0.007351345,0.007690430,70.698040368,-4.000916603,0.992797852,0.992797852
2.551730686,0.007581923,0.007988824,69.019030915,-4.000919458,0.992580838,0.992580838
2.807047526,0.007602268,0.008009169,68.867331959,-4.000938888,0.992560493,0.992560493
3.087890625,0.007656521,0.008056641,67.989530195,-4.000942123,0.992513021,0.992513021
3.396809896,0.008090549,0.008619520,65.187805513,-4.000951615,0.992123074,0.992123074
3.736626519,0.008266873,0.008809408,63.687904101,-4.000915521,0.991943359,0.991943359
4.110432943,0.008375380,0.008924696,62.789335502,-4.000919748,0.991838243,0.991838243
4.521620009,0.008728027,0.009311252,60.643077658,-4.000940954,0.991502550,0.991502550
4.973931207,0.008870443,0.009528266,60.203682789,-4.000894706,0.991387261,0.991387261
5.471462674,0.008680556,0.009351942,61.742165014,-4.000890731,0.991604275,0.991604275
6.018771701,0.008687337,0.009385851,61.662769077,-4.000861790,0.991600884,0.991600884
6.620795356,0.008700901,0.009453668,61.971474169,-4.000888621,0.991594103,0.991594103
7.283040365,0.008721246,0.009582520,62.968596317,-4.000855004,0.991617839,0.991617839
8.011501736,0.009006076,0.009955512,61.345035073,-4.000843185,0.991336399,0.991336399
8.812798394,0.008965386,0.009982639,61.685118768,-4.000891005,0.991400825,0.991400825
9.694227431,0.008931478,0.009935167,61.850359421,-4.000907426,0.991427951,0.991427951
10.663818359,0.008884006,0.009806315,61.428368261,-4.000901397,0.991444906,0.991444906
11.730360243,0.008822971,0.009975857,63.455563026,-4.000870613,0.991590712,0.991590712
12.903564453,0.008761936,0.009758843,62.973071644,-4.000884938,0.991624620,0.991624620
14.194091797,0.009026421,0.009962294,60.376144310,-4.000853611,0.991319444,0.991319444
15.613661024,0.008999295,0.010172526,62.231495872,-4.000918071,0.991404215,0.991404215
17.175211589,0.009175618,0.010369195,60.879854486,-4.000889654,0.991248237,0.991248237
18.892903646,0.009053548,0.010057237,60.423747660,-4.000905237,0.991336399,0.991336399
20.782362196,0.008673774,0.009643555,63.554281181,-4.000971383,0.991709391,0.991709391
22.860785590,0.009297689,0.010579427,60.642972164,-4.001004918,0.991190592,0.991190592
25.147026910,0.009270562,0.010518392,60.214874308,-4.000911132,0.991221110,0.991221110
27.661919488,0.009026421,0.010335286,62.568429045,-4.000933588,0.991475423,0.991475423
30.428276910,0.009358724,0.010409885,58.611830342,-4.000883735,0.991075304,0.991075304
33.471272786,0.009589301,0.010803223,58.186742257,-4.000882779,0.990875244,0.990875244
36.818576389,0.009162055,0.010606554,62.819777838,-4.000950207,0.991377089,0.991377089
40.500623915,0.009324816,0.010579427,60.122923992,-4.000948507,0.991149902,0.991149902
44.550862630,0.009256999,0.010525174,60.594193563,-4.000900540,0.991234673,0.991234673
49.006130642,0.009345161,0.010796441,61.149136917,-4.000995757,0.991217719,0.991217719
53.906928168,0.009616428,0.010932075,58.608955491,-4.000875066,0.990929498,0.990929498
59.297824436,0.009087457,0.010430230,62.520696222,-4.000909206,0.991451687,0.991451687
65.227810330,0.009236654,0.010348850,59.945133835,-4.000975367,0.991238064,0.991238064
71.750786675,0.009243435,0.010450575,60.488161221,-4.000876823,0.991258409,0.991258409
78.926052517,0.009602865,0.011250814,60.274555467,-4.000853684,0.991017660,0.991017660
86.818847656,0.009799533,0.011481391,59.562328462,-4.000875307,0.990848117,0.990848117
95.500922309,0.009629991,0.011271159,60.032086053,-4.000868684,0.991007487,0.991007487
105.051215278,0.009277344,0.010586209,60.772265121,-4.000956606,0.991305881,0.991305881
115.556532118,0.009697808,0.011155870,58.677636978,-4.000919612,0.990909153,0.990909153
127.112386068,0.009602865,0.011467828,61.567800910,-4.000946422,0.991105821,0.991105821
139.823838976,0.009758843,0.011352539,58.824349953,-4.000872712,0.990895589,0.990895589
153.806423611,0.009684245,0.011874729,62.911274003,-4.000947100,0.991095649,0.991095649
169.187282986,0.009860569,0.012105306,61.825703919,-4.000881624,0.990936279,0.990936279
186.106228299,0.010002984,0.012349447,61.957818320,-4.000872698,0.990820991,0.990820991
204.717068142,0.010152181,0.012878418,61.847748889,-4.000859432,0.990749783,0.990749783
225.188991970,0.010009766,0.013081868,64.774006096,-4.000858185,0.991014269,0.991014269
247.708116319,0.010443793,0.013556586,61.664976027,-4.000790899,0.990570068,0.990570068
272.479139540,0.010186089,0.013692220,65.594214790,-4.000912144,0.990953234,0.990953234
299.727267795,0.010437012,0.013488770,61.250280468,-4.000898934,0.990607368,0.990607368
329.700222439,0.010389540,0.013583713,62.330362155,-4.000860955,0.990654839,0.990654839
362.670464410,0.010538737,0.013753255,61.361795098,-4.000897445,0.990546332,0.990546332
398.937717014,0.010131836,0.013400608,64.534815753,-4.000896365,0.990919325,0.990919325
438.831705729,0.010477702,0.014383952,64.815834566,-4.000877405,0.990749783,0.990749783
482.715087891,0.010796441,0.014851888,63.205185879,-4.000912213,0.990451389,0.990451389
530.986816406,0.010742188,0.014851888,63.850280161,-4.000857843,0.990532769,0.990532769
584.085720486,0.010884603,0.014655219,61.611133043,-4.000783691,0.990373400,0.990373400
642.494520399,0.010626899,0.014716254,64.599113259,-4.000921983,0.990624322,0.990624322
706.744194878,0.010871039,0.014953613,62.512015172,-4.000882956,0.990417480,0.990417480
777.418836806,0.010626899,0.014872233,65.225177136,-4.000892772,0.990661621,0.990661621
855.160942925,0.010952420,0.015163845,62.703326288,-4.000928983,0.990380181,0.990380181
940.677273220,0.010823568,0.015719944,66.002814077,-4.000976755,0.990583632,0.990583632
1034.745225694,0.011386447,0.016777886,63.921599135,-4.000932100,0.990214030,0.990214030
1138.219997830,0.010952420,0.015652127,64.729655664,-4.000963436,0.990522597,0.990522597
1252.042236328,0.011535645,0.016432020,61.491228667,-4.000976856,0.990037706,0.990037706
1377.246690538,0.011372884,0.017306858,66.719965337,-4.001077775,0.990380181,0.990380181
1514.971598307,0.011861165,0.017503526,61.339215845,-4.000875695,0.989827474,0.989827474
1666.468994141,0.011711968,0.017693414,63.963653629,-4.000910541,0.990075005,0.990075005
1833.116129557,0.012152778,0.017849392,59.945506656,-4.000894622,0.989657932,0.989657932
2016.427978516,0.011922201,0.018364800,63.839552501,-4.000856976,0.989983453,0.989983453
2218.071017795,0.011996799,0.018419054,63.072254544,-4.000989905,0.989963108,0.989963108
2439.878363715,0.012152778,0.018703885,63.137931077,-4.000832828,0.989878337,0.989878337
2683.866455078,0.012281630,0.018642849,61.205221179,-4.000935437,0.989759657,0.989759657
2952.253363715,0.012227376,0.018636068,61.394290832,-4.000888908,0.989847819,0.989847819
3247.478949653,0.012688531,0.019829644,60.370514681,-4.000795115,0.989440918,0.989440918
3572.227105035,0.012342665,0.019843207,63.870173122,-4.000860226,0.989820692,0.989820692
3929.450059679,0.012932671,0.020779080,60.858579657,-4.000809453,0.989386664,0.989386664
4322.395317925,0.012702094,0.020562066,62.391082129,-4.000938678,0.989542643,0.989542643
4754.635118273,0.013041178,0.021240234,61.477411533,-4.000941431,0.989352756,0.989352756
5230.098904080,0.013264974,0.022657606,63.579139429,-4.000718072,0.989356147,0.989356147
5753.109049479,0.013081868,0.022054036,63.987777492,-4.000928022,0.989512126,0.989512126
6328.420220269,0.013570150,0.022813585,62.424045801,-4.000946031,0.989132351,0.989132351
6961.262505425,0.013949924,0.024922689,63.876445646,-4.000942347,0.988976373,0.988976373
7657.389024523,0.013983832,0.024129232,61.384899233,-4.000944147,0.988884820,0.988884820
8423.128200955,0.014200846,0.025648329,63.178249420,-4.000921988,0.988878038,0.988878038
9265.441297743,0.014675564,0.027180990,62.482300259,-4.000881135,0.988596598,0.988596598
10191.985704210,0.014777289,0.027682834,62.291087498,-4.000900756,0.988572862,0.988572862
